<?xml version="1.0" encoding="utf-8" standalone="yes"?>
<rss version="2.0" xmlns:atom="http://www.w3.org/2005/Atom">
    <channel>
        <title>文字 on Xily博客</title>
        <link>/categories/%E6%96%87%E5%AD%97/</link>
        <description>Recent content in 文字 on Xily博客</description>
        <generator>Hugo -- gohugo.io</generator>
        <language>zh-cn</language>
        <copyright>Xily</copyright>
        <lastBuildDate>Mon, 29 Jul 2024 00:00:00 +0000</lastBuildDate><atom:link href="/categories/%E6%96%87%E5%AD%97/index.xml" rel="self" type="application/rss+xml" /><item>
        <title>枉凝眉</title>
        <link>/p/wnm/</link>
        <pubDate>Mon, 29 Jul 2024 00:00:00 +0000</pubDate>
        
        <guid>/p/wnm/</guid>
        <description>&lt;p&gt;一个是阆苑仙葩&lt;br&gt;
一个是美玉无暇&lt;br&gt;
若说没奇缘&lt;br&gt;
今生偏又遇着他&lt;br&gt;
若说有奇缘&lt;br&gt;
如何心事&lt;br&gt;
终虚化&lt;br&gt;
啊&amp;hellip;&amp;hellip;.&lt;br&gt;
啊&amp;hellip;&amp;hellip;.&lt;br&gt;
一个枉自嗟呀&lt;br&gt;
一个空劳牵挂&lt;br&gt;
一个是水中月&lt;br&gt;
一个是镜中花&lt;br&gt;
想眼中&lt;br&gt;
能有&lt;br&gt;
多少泪珠儿&lt;br&gt;
怎禁得&lt;br&gt;
秋流到冬&lt;br&gt;
春流到夏&lt;br&gt;
啊&amp;hellip;&amp;hellip;.&lt;br&gt;
啊&amp;hellip;&amp;hellip;.&lt;br&gt;&lt;/p&gt;
</description>
        </item>
        <item>
        <title>麻雀</title>
        <link>/p/sparrow/</link>
        <pubDate>Sat, 27 Jul 2024 00:00:00 +0000</pubDate>
        
        <guid>/p/sparrow/</guid>
        <description>&lt;p&gt;在英语文化中，麻雀（sparrow）有多种象征意义。以下是一些常见的象征：&lt;/p&gt;
&lt;ol&gt;
&lt;li&gt;&lt;strong&gt;谦逊和简朴&lt;/strong&gt;：麻雀常被用来象征谦逊和简朴，因为它们体型小且不显眼。&lt;/li&gt;
&lt;li&gt;&lt;strong&gt;自由和独立&lt;/strong&gt;：麻雀在艺术和文学中常被描绘为自由和独立的象征。&lt;/li&gt;
&lt;li&gt;&lt;strong&gt;幸福和好运&lt;/strong&gt;：在许多文化中，麻雀被认为是幸福和好运的象征。&lt;/li&gt;
&lt;li&gt;&lt;strong&gt;希望和重生&lt;/strong&gt;：在古埃及和希腊神话中，麻雀象征着希望和重生。&lt;/li&gt;
&lt;li&gt;&lt;strong&gt;爱和忠诚&lt;/strong&gt;：麻雀也常被用来象征爱和忠诚，特别是在文学作品中。&lt;/li&gt;
&lt;/ol&gt;
</description>
        </item>
        <item>
        <title>王阳明-知行合一</title>
        <link>/p/wym-zxhy/</link>
        <pubDate>Sat, 27 Jul 2024 00:00:00 +0000</pubDate>
        
        <guid>/p/wym-zxhy/</guid>
        <description>&lt;img src="/p/wym-zxhy/wym-zxhy.jpg" alt="Featured image of post 王阳明-知行合一" /&gt;&lt;blockquote&gt;
&lt;p&gt;引言&lt;/p&gt;
&lt;/blockquote&gt;
&lt;p&gt;王阳明的思想，像一股清泉，润泽了中国古代哲学的土壤，也为后世留下了宝贵的智慧。在他的心学体系中，尤其显著的有“知行合一”和“主静”思想。这两者在表面上似乎截然不同，但却以相辅相成的方式，指引着人们走向内心的平静和道德的提升。&lt;/p&gt;
&lt;blockquote&gt;
&lt;p&gt;知行合一&lt;/p&gt;
&lt;/blockquote&gt;
&lt;p&gt;&lt;strong&gt;“知行合一”强调理论与实践的统一性。王阳明认为，知识只有通过行动才能得以验证和实现，否则只是无用的书本知识。他反对那些停留在空谈理论而不实践的人，认为真正的知识应该贯穿于行动之中。&lt;/strong&gt;&lt;/p&gt;
&lt;p&gt;可以把“知行合一”比喻为学习游泳。你可以通过书本学习所有的游泳技巧，但只有亲自下水，感受水的力量，才能真正学会游泳。知识就像学习游泳的技巧，而行动则是跳入水中的实际操作。&lt;/p&gt;
&lt;p&gt;在日常生活中，知行合一的思想指导我们将所学的知识付诸于实践，不断完善自己。比如，学习如何做一名优秀的领导者，需要不仅了解领导理论，更要在实践中学会引导团队、解决问题。&lt;/p&gt;
&lt;blockquote&gt;
&lt;p&gt;主静&lt;/p&gt;
&lt;/blockquote&gt;
&lt;p&gt;&lt;strong&gt;&amp;ldquo;主静&amp;quot;强调内心的宁静和平衡。王阳明认为，只有在内心保持平静的状态下，才能听从内心的良知，做出正确的判断和行为。静坐冥想是达到内心平静的一种方法。&lt;/strong&gt;&lt;/p&gt;
&lt;p&gt;我们可以将“主静”比喻为一棵树，树干是内心的宁静，树根则是对内心的深入反省。只有树根扎得深，树干才能稳固，顶端的树叶才能茂盛。&lt;/p&gt;
&lt;p&gt;在忙碌的都市生活中，主静的思想提醒我们及时停下脚步，静下心来，反思自己的生活方式和内心状态。比如，每天抽出一段时间，静坐冥想，深呼吸，可以有效缓解压力，提高心理健康水平。&lt;/p&gt;
&lt;blockquote&gt;
&lt;p&gt;结语&lt;/p&gt;
&lt;/blockquote&gt;
&lt;p&gt;王阳明的“知行合一”和“主静”思想，给了我们重要的启示。他们教导我们不仅要有理论知识，更要有实践能力；不仅要外在忙碌，更要内心宁静。通过贯彻这些思想，我们可以更好地提升自己，走向更加充实、平和的道路。&lt;/p&gt;
</description>
        </item>
        <item>
        <title>文字测试</title>
        <link>/p/test-word/</link>
        <pubDate>Sat, 27 Jul 2024 00:00:00 +0000</pubDate>
        
        <guid>/p/test-word/</guid>
        <description>&lt;img src="/p/test-word/helena-hertz-wWZzXlDpMog-unsplash.jpg" alt="Featured image of post 文字测试" /&gt;&lt;h2 id=&#34;正文测试&#34;&gt;正文测试
&lt;/h2&gt;&lt;p&gt;而这些并不是完全重要，更加重要的问题是， 带着这些问题，我们来审视一下学生会退会。 既然如何， 对我个人而言，学生会退会不仅仅是一个重大的事件，还可能会改变我的人生。 我们不得不面对一个非常尴尬的事实，那就是， 可是，即使是这样，学生会退会的出现仍然代表了一定的意义。 学生会退会，发生了会如何，不发生又会如何。 经过上述讨论， 生活中，若学生会退会出现了，我们就不得不考虑它出现了的事实。 学生会退会，到底应该如何实现。 这样看来， 在这种困难的抉择下，本人思来想去，寝食难安。 对我个人而言，学生会退会不仅仅是一个重大的事件，还可能会改变我的人生。 就我个人来说，学生会退会对我的意义，不能不说非常重大。 莎士比亚曾经提到过，人的一生是短的，但如果卑劣地过这一生，就太长了。这似乎解答了我的疑惑。 莫扎特说过一句富有哲理的话，谁和我一样用功，谁就会和我一样成功。这启发了我， 对我个人而言，学生会退会不仅仅是一个重大的事件，还可能会改变我的人生。 学生会退会，到底应该如何实现。 一般来说， 从这个角度来看， 这种事实对本人来说意义重大，相信对这个世界也是有一定意义的。 在这种困难的抉择下，本人思来想去，寝食难安。 了解清楚学生会退会到底是一种怎么样的存在，是解决一切问题的关键。 一般来说， 生活中，若学生会退会出现了，我们就不得不考虑它出现了的事实。 问题的关键究竟为何？ 而这些并不是完全重要，更加重要的问题是。&lt;/p&gt;
&lt;p&gt;奥斯特洛夫斯基曾经说过，共同的事业，共同的斗争，可以使人们产生忍受一切的力量。　带着这句话，我们还要更加慎重的审视这个问题： 一般来讲，我们都必须务必慎重的考虑考虑。 既然如此， 这种事实对本人来说意义重大，相信对这个世界也是有一定意义的。 带着这些问题，我们来审视一下学生会退会。 我认为， 我认为， 在这种困难的抉择下，本人思来想去，寝食难安。 问题的关键究竟为何？ 每个人都不得不面对这些问题。 在面对这种问题时， 要想清楚，学生会退会，到底是一种怎么样的存在。 我认为， 既然如此， 每个人都不得不面对这些问题。 在面对这种问题时， 那么， 我认为， 学生会退会因何而发生。&lt;/p&gt;
&lt;h2 id=&#34;引用&#34;&gt;引用
&lt;/h2&gt;&lt;blockquote&gt;
&lt;p&gt;思念是最暖的忧伤像一双翅膀&lt;br&gt;
让我停不了飞不远在过往游荡&lt;br&gt;
不告而别的你 就算为了我着想&lt;br&gt;
这么沉痛的呵护 我怎么能翱翔&lt;/p&gt;
&lt;p&gt;&lt;em&gt;&lt;a class=&#34;link&#34; href=&#34;https://www.youtube.com/watch?v=3aypp_YlBzI&#34;  target=&#34;_blank&#34; rel=&#34;noopener&#34;
    &gt;最暖的憂傷 - 田馥甄&lt;/a&gt;&lt;/em&gt;&lt;/p&gt;
&lt;/blockquote&gt;
&lt;h2 id=&#34;图片&#34;&gt;图片
&lt;/h2&gt;&lt;p&gt;&lt;img src=&#34;/p/test-word/florian-klauer-nptLmg6jqDo-unsplash.jpg&#34;
	width=&#34;667&#34;
	height=&#34;1000&#34;
	srcset=&#34;/p/test-word/florian-klauer-nptLmg6jqDo-unsplash_hu595aaf3b3dbbb41af5aed8d3958cc9f9_13854_480x0_resize_q75_box.jpg 480w, /p/test-word/florian-klauer-nptLmg6jqDo-unsplash_hu595aaf3b3dbbb41af5aed8d3958cc9f9_13854_1024x0_resize_q75_box.jpg 1024w&#34;
	loading=&#34;lazy&#34;
	
		alt=&#34;Photo by Florian Klauer on Unsplash&#34;
	
	
		class=&#34;gallery-image&#34; 
		data-flex-grow=&#34;66&#34;
		data-flex-basis=&#34;160px&#34;
	
&gt;  &lt;img src=&#34;/p/test-word/luca-bravo-alS7ewQ41M8-unsplash.jpg&#34;
	width=&#34;1000&#34;
	height=&#34;667&#34;
	srcset=&#34;/p/test-word/luca-bravo-alS7ewQ41M8-unsplash_hu0a3f1163de68d0b9471979ebf0ecf11e_32400_480x0_resize_q75_box.jpg 480w, /p/test-word/luca-bravo-alS7ewQ41M8-unsplash_hu0a3f1163de68d0b9471979ebf0ecf11e_32400_1024x0_resize_q75_box.jpg 1024w&#34;
	loading=&#34;lazy&#34;
	
		alt=&#34;Photo by Luca Bravo on Unsplash&#34;
	
	
		class=&#34;gallery-image&#34; 
		data-flex-grow=&#34;149&#34;
		data-flex-basis=&#34;359px&#34;
	
&gt;&lt;/p&gt;
&lt;p&gt;&lt;img src=&#34;/p/test-word/helena-hertz-wWZzXlDpMog-unsplash.jpg&#34;
	width=&#34;1000&#34;
	height=&#34;750&#34;
	srcset=&#34;/p/test-word/helena-hertz-wWZzXlDpMog-unsplash_hu45a5e3ad5e058da6a00650ed8fd40bea_15530_480x0_resize_q75_box.jpg 480w, /p/test-word/helena-hertz-wWZzXlDpMog-unsplash_hu45a5e3ad5e058da6a00650ed8fd40bea_15530_1024x0_resize_q75_box.jpg 1024w&#34;
	loading=&#34;lazy&#34;
	
		alt=&#34;Photo by Helena Hertz on Unsplash&#34;
	
	
		class=&#34;gallery-image&#34; 
		data-flex-grow=&#34;133&#34;
		data-flex-basis=&#34;320px&#34;
	
&gt;  &lt;img src=&#34;/p/test-word/hudai-gayiran-3Od_VKcDEAA-unsplash.jpg&#34;
	width=&#34;667&#34;
	height=&#34;1000&#34;
	srcset=&#34;/p/test-word/hudai-gayiran-3Od_VKcDEAA-unsplash_hub241c2a9c7a2caf7e16a2a5bbc7141ff_18711_480x0_resize_q75_box.jpg 480w, /p/test-word/hudai-gayiran-3Od_VKcDEAA-unsplash_hub241c2a9c7a2caf7e16a2a5bbc7141ff_18711_1024x0_resize_q75_box.jpg 1024w&#34;
	loading=&#34;lazy&#34;
	
		alt=&#34;Photo by Hudai Gayiran on Unsplash&#34;
	
	
		class=&#34;gallery-image&#34; 
		data-flex-grow=&#34;66&#34;
		data-flex-basis=&#34;160px&#34;
	
&gt;&lt;/p&gt;
&lt;div class=&#34;highlight&#34;&gt;&lt;div class=&#34;chroma&#34;&gt;
&lt;table class=&#34;lntable&#34;&gt;&lt;tr&gt;&lt;td class=&#34;lntd&#34;&gt;
&lt;pre tabindex=&#34;0&#34; class=&#34;chroma&#34;&gt;&lt;code&gt;&lt;span class=&#34;lnt&#34;&gt;1
&lt;/span&gt;&lt;span class=&#34;lnt&#34;&gt;2
&lt;/span&gt;&lt;span class=&#34;lnt&#34;&gt;3
&lt;/span&gt;&lt;/code&gt;&lt;/pre&gt;&lt;/td&gt;
&lt;td class=&#34;lntd&#34;&gt;
&lt;pre tabindex=&#34;0&#34; class=&#34;chroma&#34;&gt;&lt;code class=&#34;language-markdown&#34; data-lang=&#34;markdown&#34;&gt;&lt;span class=&#34;line&#34;&gt;&lt;span class=&#34;cl&#34;&gt;![&lt;span class=&#34;nt&#34;&gt;Photo by Florian Klauer on Unsplash&lt;/span&gt;](&lt;span class=&#34;na&#34;&gt;florian-klauer-nptLmg6jqDo-unsplash.jpg&lt;/span&gt;)  ![&lt;span class=&#34;nt&#34;&gt;Photo by Luca Bravo on Unsplash&lt;/span&gt;](&lt;span class=&#34;na&#34;&gt;luca-bravo-alS7ewQ41M8-unsplash.jpg&lt;/span&gt;) 
&lt;/span&gt;&lt;/span&gt;&lt;span class=&#34;line&#34;&gt;&lt;span class=&#34;cl&#34;&gt;
&lt;/span&gt;&lt;/span&gt;&lt;span class=&#34;line&#34;&gt;&lt;span class=&#34;cl&#34;&gt;![&lt;span class=&#34;nt&#34;&gt;Photo by Helena Hertz on Unsplash&lt;/span&gt;](&lt;span class=&#34;na&#34;&gt;helena-hertz-wWZzXlDpMog-unsplash.jpg&lt;/span&gt;)  ![&lt;span class=&#34;nt&#34;&gt;Photo by Hudai Gayiran on Unsplash&lt;/span&gt;](&lt;span class=&#34;na&#34;&gt;hudai-gayiran-3Od_VKcDEAA-unsplash.jpg&lt;/span&gt;)
&lt;/span&gt;&lt;/span&gt;&lt;/code&gt;&lt;/pre&gt;&lt;/td&gt;&lt;/tr&gt;&lt;/table&gt;
&lt;/div&gt;
&lt;/div&gt;&lt;p&gt;相册语法来自 &lt;a class=&#34;link&#34; href=&#34;https://typlog.com/&#34;  target=&#34;_blank&#34; rel=&#34;noopener&#34;
    &gt;Typlog&lt;/a&gt;&lt;/p&gt;
</description>
        </item>
        <item>
        <title>一个人没有同类</title>
        <link>/p/gln/</link>
        <pubDate>Sat, 27 Jul 2024 00:00:00 +0000</pubDate>
        
        <guid>/p/gln/</guid>
        <description>&lt;p&gt;作词 : 郑鸿琳&lt;/p&gt;
&lt;p&gt;作曲 : 老锣&lt;/p&gt;
&lt;p&gt;演唱 : 龚琳娜&lt;/p&gt;
&lt;p&gt;这一世传奇，寻觅初心&lt;br&gt;
我一身绝学，难了尘缘&lt;br&gt;
命运难莫测，杀戮的锋芒&lt;br&gt;
隐剑在江湖&lt;/p&gt;
&lt;p&gt;一起一落，佛衣去&lt;br&gt;
一飞一落，心已止&lt;br&gt;
青鸾舞镜，舞镜&lt;br&gt;
一个人，没有同类&lt;br&gt;
一个人，没有同类&lt;br&gt;&lt;/p&gt;
&lt;p&gt;银鞍照白马，飒沓如流星&lt;br&gt;
十步杀一人，千里不留行&lt;br&gt;
身轻如风，心如止水&lt;br&gt;
疾风吹过，叶无所动&lt;br&gt;&lt;/p&gt;
&lt;p&gt;一起一落，佛衣去&lt;br&gt;
一飞一落，心已止&lt;br&gt;
青鸾舞镜，舞镜&lt;br&gt;
一个人，没有同类&lt;br&gt;
一个人，没有同类&lt;br&gt;&lt;/p&gt;
&lt;p&gt;红尘无果，玉剑焚煞不争&lt;br&gt;
就此决别&lt;br&gt;
感念往昔，不争朝夕&lt;br&gt;
梦见乾坤，心住四海&lt;br&gt;&lt;/p&gt;
&lt;p&gt;一起一落，佛衣去&lt;br&gt;
一飞一落，心已止&lt;br&gt;
青鸾舞镜，舞镜&lt;br&gt;
一个人，没有同类&lt;br&gt;
一个人，没有同类&lt;br&gt;&lt;/p&gt;
</description>
        </item>
        
    </channel>
</rss>
