[{"content":"在Ubuntu系统中让Caddy获取root权限 要在Ubuntu系统中让Caddy获取root权限，可以按照以下步骤操作：\n1. 使用sudo命令 在终端中运行Caddy时，使用sudo命令来临时获取root权限。例如：\n1 sudo caddy run 2.修改Caddy的系统服务文件 如果你希望Caddy作为系统服务运行并获取root权限，可以编辑Caddy的服务文件。首先，打开服务文件：\n1 sudo nano /etc/systemd/system/caddy.service 确保服务文件中包含以下内容：\n1 2 3 4 5 6 7 8 9 10 11 12 13 [Unit] Description=Caddy web server After=network.target [Service] User=root Group=root ExecStart=/usr/bin/caddy run --environ --config /etc/caddy/Caddyfile ExecReload=/usr/bin/caddy reload --config /etc/caddy/Caddyfile Restart=on-failure [Install] WantedBy=multi-user.target 保存并退出编辑器，然后重新加载systemd配置：\n1 2 sudo systemctl daemon-reload sudo systemctl restart caddy 3.确保Caddy文件的权限 确保Caddy的可执行文件具有适当的权限：\n1 2 sudo chown root:root /usr/bin/caddy sudo chmod 755 /usr/bin/caddy 通过这些步骤，你可以让Caddy在Ubuntu系统中以root权限运行。请注意，运行服务时尽量避免使用root权限，以减少安全风险。\n","date":"2024-07-29T00:00:00Z","permalink":"/p/caddy-root/","title":"Caddy获取Root权限"},{"content":"输入：\n1 termux-setup-storage ","date":"2024-07-29T00:00:00Z","permalink":"/p/termux-file/","title":"安卓Termux获取手机文件"},{"content":" 修改反代配置文件如下： 1 2 3 4 5 6 7 8 9 10 11 12 13 14 15 16 17 18 19 20 21 22 23 24 25 26 27 28 29 30 31 #PROXY-START/ client_max_body_size 5000M; proxy_set_header X-Real-IP $remote_addr; proxy_set_header X-Forwarded-For \u0026#39;$proxy_add_x_forwarded_for\u0026#39;; proxy_set_header X-Forwarded-Proto $scheme; proxy_set_header Sec-WebSocket-Extensions $http_sec_websocket_extensions; proxy_set_header Sec-WebSocket-Key $http_sec_websocket_key; proxy_set_header Sec-WebSocket-Version $http_sec_websocket_version; proxy_cache off; proxy_redirect off; proxy_buffering off; location / { proxy_pass http://ip:port;#修改为自己的IP:端口 proxy_set_header X-Forwarded-For $remote_addr; proxy_ssl_verify off; proxy_http_version 1.1; proxy_set_header Host $http_host; proxy_set_header Upgrade $http_upgrade; proxy_set_header Connection \u0026#34;upgrade\u0026#34;; proxy_read_timeout 86400; } location ~* .(gif|png|jpg|css|js|woff|woff2)$ { proxy_pass http://ip:port;#修改为自己的IP:端口 proxy_set_header Host $host; proxy_set_header X-Real-IP $remote_addr; proxy_set_header X-Forwarded-For $proxy_add_x_forwarded_for; proxy_set_header REMOTE-HOST $remote_addr; expires 12h; } 之后开启==强制 HTTPS==，在 CDN 的 SSL/TLS 中 设置加密模式为 ==完全==。\nemby服务端配置，网络HTTPS端口，外部域名。不配置域名的话浏览器能播放，但在客户端无法播放。\n因为客户端会解析服务器的真实IP，之后使用真实IP连接，不过CDN。\n","date":"2024-07-29T00:00:00Z","permalink":"/p/aapanel-emby/","title":"宝塔反代Emby"},{"content":" aaPanel安装脚本\nCentos\n1 yum install -y wget \u0026amp;\u0026amp; wget -O install.sh http://www.aapanel.com/script/install_6.0_en.sh \u0026amp;\u0026amp; bash install.sh aapanel Ubuntu/Deepin\n1 wget -O install.sh http://www.aapanel.com/script/install-ubuntu_6.0_en.sh \u0026amp;\u0026amp; sudo bash install.sh aapanel Debian\n1 wget -O install.sh http://www.aapanel.com/script/install-ubuntu_6.0_en.sh \u0026amp;\u0026amp; bash install.sh aapanel IPV6\n1 curl -sSO http://www.aapanel.com/script/new_install_en.sh \u0026amp;\u0026amp; bash new_install_en.sh forum {callout color=\u0026quot;#d97852\u0026quot;} 注意：确保它是一个干净的操作系统，没有安装Apache／Nginx／php／MySQL的其他环境 {/callout}\naaPanel管理脚本\n停止\n1 service bt stop 开始\n1 service bt start 重启\n1 service bt start 卸载\n1 service bt stop \u0026amp;\u0026amp; chkconfig --del bt \u0026amp;\u0026amp; rm -f /etc/init.d/bt \u0026amp;\u0026amp; rm -rf /www/server/panel 查看当前面板端口\n1 cat /www/server/panel/data/port.pl 改变面板端口(Centos7)\n1 echo \u0026#39;8881\u0026#39; \u0026gt; /www/server/panel/data/port.pl \u0026amp;\u0026amp; service bt restart firewall-cmd --permanent --zone=public --add-port=8881/tcp firewall-cmd --reload 强制改变MySQL管理密码(例如:123456)\n1 cd /www/server/panel \u0026amp;\u0026amp; python tools.py root 123456 强制改变面板登录密码(例如:123456)\n1 cd /www/server/panel \u0026amp;\u0026amp; python tools.py panel 123456 清除登录限制\n1 rm -f /www/server/panel/data/*.login 官网:https://www.aapanel.com/\n","date":"2024-07-29T00:00:00Z","permalink":"/p/aapanel-bash/","title":"宝塔国际版aaPanel安装"},{"content":"一个是阆苑仙葩\n一个是美玉无暇\n若说没奇缘\n今生偏又遇着他\n若说有奇缘\n如何心事\n终虚化\n啊\u0026hellip;\u0026hellip;.\n啊\u0026hellip;\u0026hellip;.\n一个枉自嗟呀\n一个空劳牵挂\n一个是水中月\n一个是镜中花\n想眼中\n能有\n多少泪珠儿\n怎禁得\n秋流到冬\n春流到夏\n啊\u0026hellip;\u0026hellip;.\n啊\u0026hellip;\u0026hellip;.\n","date":"2024-07-29T00:00:00Z","permalink":"/p/wnm/","title":"枉凝眉"},{"content":"一键脚本仅支持Linux-x86_64/aarch64平台。\n安装 ●已经安装过再次执行安装会删除之前的数据，更新请使用更新命令。 ●提示不支持https，请把双引号去掉。\n1 curl -fsSL \u0026#34;https://alist.nn.ci/v3.sh\u0026#34; | bash -s install 更新 1 curl -fsSL \u0026#34;https://alist.nn.ci/v3.sh\u0026#34; | bash -s update 卸载 1 curl -fsSL \u0026#34;https://alist.nn.ci/v3.sh\u0026#34; | bash -s uninstall 自定义路径 默认安装在/opt/alist，要自定义安装路径，添加安装路径为第二个参数，必须是绝对路径（路径以alist结尾时直接安装到给定路径，否则会安装在给定路径alist目录下），如安装到/root：\n安装 1 curl -fsSL \u0026#34;https://alist.nn.ci/v3.sh\u0026#34; | bash -s install /root 更新 1 curl -fsSL \u0026#34;https://alist.nn.ci/v3.sh\u0026#34; | bash -s update /root 卸载 1 curl -fsSL \u0026#34;https://alist.nn.ci/v3.sh\u0026#34; | bash -s uninstall /root {message type=\u0026ldquo;info\u0026rdquo; content=\u0026ldquo;如果你忘记了密码\u0026rdquo;/}\n随机生成一个密码 1 cd /opt/alist \u0026amp;\u0026amp; ./alist admin random 手动设置一个密码,NEW_PASSWORD是指你需要设置的密码 1 cd /opt/alist \u0026amp;\u0026amp; ./alist admin set NEW_PASSWORD 以上内容源自官方手册https://alist.nn.ci/zh/guide/install/script.html\n","date":"2024-07-27T00:00:00Z","permalink":"/p/alist/","title":"Alist V3安装教程"},{"content":"安装 Aria2\n1 wget -N git.io/aria2.sh \u0026amp;\u0026amp; chmod +x aria2.sh \u0026amp;\u0026amp; ./aria2.sh 操作菜单输入 1 开始安装。\n安装Rclone\n1 curl https://rclone.org/install.sh | sudo bash 安装完后，输入rclone config命令进行配置。\n1 rclone config 配置自动上传脚本 输入nano /root/.aria2c/aria2.conf打开 Aria2 配置文件进行修改。\n1 nano /root/.aria2c/aria2.conf 找到“下载完成后执行的命令”，把clean.sh替换为upload.sh。\n1 2 # 下载完成后执行的命令 on-download-complete=/root/.aria2c/upload.sh 输入nano /root/.aria2c/script.conf打开附加功能脚本配置文件进行修改。\n1 nano /root/.aria2c/script.conf 有中文注释，按照自己的实际情况进行修改，第一次使用只建议修改网盘名称。\n1 2 # 网盘名称(RCLONE 配置时填写的name) drive-name=OneDrive 重启 Aria2 。脚本选项重启或者执行以下命令：\n1 service aria2 restart 检查配置是否成功 执行upload.sh脚本，提示success即代上传脚本能正常被调用，否则请检查与 RCLONE 有关的配置。\n1 /root/.aria2c/upload.sh 打开实时日志并下载任意文件，出现上传成功信息即代表配置成功，否则请认真阅读教程并重新开始。 检查网盘是否存在相关文件，若不存在说明你搞错网盘了。 资料来自: https://p3terx.com/archives/offline-download-of-onedrive-gdriv\n","date":"2024-07-27T00:00:00Z","permalink":"/p/aria2/","title":"Aria2+Rclone+Emby部署教程"},{"content":" Ubuntu安装 1 sudo apt install -y debian-keyring debian-archive-keyring apt-transport-https curl 1 curl -1sLf \u0026#39;https://dl.cloudsmith.io/public/caddy/stable/gpg.key\u0026#39; | sudo gpg --dearmor -o /usr/share/keyrings/caddy-stable-archive-keyring.gpg 1 curl -1sLf \u0026#39;https://dl.cloudsmith.io/public/caddy/stable/debian.deb.txt\u0026#39; | sudo tee /etc/apt/sources.list.d/caddy-stable.list 1 sudo apt update 1 sudo apt install caddy 反代Alist 1 2 3 example.com { reverse_proxy 127.0.0.1:5244 } 将 example.com 替换为你自己解析后的域名。\n编辑文件 1 sudo nano /etc/caddy/Caddyfile 1 sudo systemctl reload caddy 1 sudo systemctl restart caddy ","date":"2024-07-27T00:00:00Z","permalink":"/p/caddy-alist/","title":"Caddy反代Alist"},{"content":"安装Hugo 更新包列表并安装Hugo： 1 sudo apt update 1 sudo apt install hugo 验证Hugo安装： 1 hugo version 创建新博客 创建一个新的Hugo站点：\n1 hugo new site myblog 进入新创建的博客目录：\n1 cd myblog 安装Stack主题 添加Stack主题作为子模块：\n1 git init 1 git submodule add https://github.com/CaiJimmy/hugo-theme-stack/ themes/hugo-theme-stack 复制示例配置文件：\n1 cp themes/hugo-theme-stack/config.yaml . 删除默认的配置文件：\n1 rm config.toml 启动本地服务器 启动Hugo本地服务器以查看博客：\n1 hugo server -t hugo-theme-stack 打开浏览器并访问 http://localhost:1313 查看博客。\n部署到服务器 生成静态文件：\n1 hugo -t hugo-theme-stack 将生成的 public 目录下的文件上传到你的Web服务器。\n这样，你就可以在Debian 12服务器上成功安装并运行Hugo博客，并使用Stack主题了。\nCaddy反代 yourdomain { root * /xxx/xxx/public file_server }\n","date":"2024-07-27T00:00:00Z","permalink":"/p/hugo/","title":"Hugo博客部署教程"},{"content":"Ubuntu常见命令\napt命令 更新源 1 sudo apt update 更新已安装的包 1 sudo apt upgrade 安装包 1 sudo apt install package 删除包 1 sudo apt remove package 删除包，包括删除配置文件等 1 sudo apt remove package -- purge 文件管理 列出当前目录文件（不包括隐含文件） 1 ls 列出当前目录文件（包括隐含文件） 1 ls -a 列出当前目录下文件的详细信息 1 ls -l 回当前目录的上一级目录 1 cd .. 回上一次所在的目录 1 cd - 回当前用户的宿主目录 1 cd 显示当前工作目录 pwd\n1 2 3 - 创建任意格式的文件 ```bash touch filename.xxx 创建一个目录 1 mkdir 目录名 删除一个空目录 1 rmdir 空目录名 删除一个文件或多个文件 1 rm 文件名 文件名 删除一个非空目录下的一切 1 rm -rf 非空目录名 将文件1移动到目录1中 1 mv file1 dir1 将文件1重命名为文件2 1 mv file1 file2 复制目录a下所有文件到目录b 1 cp -r a/ b 创建文件a的副本，命名为文件b 1 cp a b 复制文件a到目录b 1 cp a /b 查找路径所在范围内满足字符串匹配的文件和目录 1 find 路径 -name “字符串” 解压缩 解压tar包 1 tar -xvf file.tar 解压tar.gz 1 tar -xzvf file.tar.gz 解压rar 1 unrar e file.rar 解压zip 1 unzip file.zip 系统管理 查看内核版本 1 uname -a 查看磁盘信息 1 sudo fdisk -l 查看硬盘剩余空间 1 df -h 查看当前的内存使用情况 1 free -m 查看当前有哪些进程 1 ps -A 关键字查找某个进程 1 ps -ef | grep \u0026lt;关键字\u0026gt; 杀死进程 1 kill 进程号 强制杀死进程 1 kill -9 进程号 重启系统 1 reboot 关机 1 poweroff 防火墙及IPV6 关闭iptables 1 iptables -P INPUT ACCEPT 1 iptables -P FORWARD ACCEPT 1 iptables -P OUTPUT ACCEPT 1 iptables -F 卸载iptables 1 apt-get purge netfilter-persistent 打开ufw防火墙 ufw enable\n1 2 3 - 关闭ufw防火墙 ```bash ufw disable 重启ufw防火墙 1 ufw reload 查看已经定义的ufw规则 1 ufw status 允许访问20端口 1 ufw allow 20 拒绝访问20端口 1 ufw deny 20 修改DNS使纯IPV6服务器可以访问IPV4资源 1 mv /etc/resolv.conf /etc/resolv.conf.bak \u0026amp;\u0026amp; echo -e \u0026#34;nameserver 2001:67c:2b0::4\\nnameserver 2001:67c:2b0::6\u0026#34; \u0026gt; /etc/resolv.conf 其他命令 安装deb格式安装包 1 dpkg -i filename.deb dpkg删除程序但保留配置 1 dpkg -r 包名 dpkg删除程序且删除配置 1 dpkg -P 包名 dpkg查看安装列表 1 dpkg -l dpkg搜索某个包 1 dpkg -S 包名 数字 权限 4 读R 2 写W 1 执行X 0 无权 修改文件a的权限 1 chmod 664 a 文件a增加执行权限 1 chmod +x a ","date":"2024-07-27T00:00:00Z","permalink":"/p/ubuntu-bash/","title":"Ubuntu常用代码"},{"content":"在英语文化中，麻雀（sparrow）有多种象征意义。以下是一些常见的象征：\n谦逊和简朴：麻雀常被用来象征谦逊和简朴，因为它们体型小且不显眼。 自由和独立：麻雀在艺术和文学中常被描绘为自由和独立的象征。 幸福和好运：在许多文化中，麻雀被认为是幸福和好运的象征。 希望和重生：在古埃及和希腊神话中，麻雀象征着希望和重生。 爱和忠诚：麻雀也常被用来象征爱和忠诚，特别是在文学作品中。 ","date":"2024-07-27T00:00:00Z","permalink":"/p/sparrow/","title":"麻雀"},{"content":" 引言\n王阳明的思想，像一股清泉，润泽了中国古代哲学的土壤，也为后世留下了宝贵的智慧。在他的心学体系中，尤其显著的有“知行合一”和“主静”思想。这两者在表面上似乎截然不同，但却以相辅相成的方式，指引着人们走向内心的平静和道德的提升。\n知行合一\n“知行合一”强调理论与实践的统一性。王阳明认为，知识只有通过行动才能得以验证和实现，否则只是无用的书本知识。他反对那些停留在空谈理论而不实践的人，认为真正的知识应该贯穿于行动之中。\n可以把“知行合一”比喻为学习游泳。你可以通过书本学习所有的游泳技巧，但只有亲自下水，感受水的力量，才能真正学会游泳。知识就像学习游泳的技巧，而行动则是跳入水中的实际操作。\n在日常生活中，知行合一的思想指导我们将所学的知识付诸于实践，不断完善自己。比如，学习如何做一名优秀的领导者，需要不仅了解领导理论，更要在实践中学会引导团队、解决问题。\n主静\n\u0026ldquo;主静\u0026quot;强调内心的宁静和平衡。王阳明认为，只有在内心保持平静的状态下，才能听从内心的良知，做出正确的判断和行为。静坐冥想是达到内心平静的一种方法。\n我们可以将“主静”比喻为一棵树，树干是内心的宁静，树根则是对内心的深入反省。只有树根扎得深，树干才能稳固，顶端的树叶才能茂盛。\n在忙碌的都市生活中，主静的思想提醒我们及时停下脚步，静下心来，反思自己的生活方式和内心状态。比如，每天抽出一段时间，静坐冥想，深呼吸，可以有效缓解压力，提高心理健康水平。\n结语\n王阳明的“知行合一”和“主静”思想，给了我们重要的启示。他们教导我们不仅要有理论知识，更要有实践能力；不仅要外在忙碌，更要内心宁静。通过贯彻这些思想，我们可以更好地提升自己，走向更加充实、平和的道路。\n","date":"2024-07-27T00:00:00Z","image":"/p/wym-zxhy/wym-zxhy_hua2a5b7dfb5b89265f4a4bad8b9a94d58_212638_120x120_fill_q75_box_smart1.jpg","permalink":"/p/wym-zxhy/","title":"王阳明-知行合一"},{"content":"正文\n","date":"2024-07-27T00:00:00Z","permalink":"/p/%E6%96%87%E7%AB%A0%E6%A0%87%E9%A2%98/","title":"文章标题"},{"content":"正文测试 而这些并不是完全重要，更加重要的问题是， 带着这些问题，我们来审视一下学生会退会。 既然如何， 对我个人而言，学生会退会不仅仅是一个重大的事件，还可能会改变我的人生。 我们不得不面对一个非常尴尬的事实，那就是， 可是，即使是这样，学生会退会的出现仍然代表了一定的意义。 学生会退会，发生了会如何，不发生又会如何。 经过上述讨论， 生活中，若学生会退会出现了，我们就不得不考虑它出现了的事实。 学生会退会，到底应该如何实现。 这样看来， 在这种困难的抉择下，本人思来想去，寝食难安。 对我个人而言，学生会退会不仅仅是一个重大的事件，还可能会改变我的人生。 就我个人来说，学生会退会对我的意义，不能不说非常重大。 莎士比亚曾经提到过，人的一生是短的，但如果卑劣地过这一生，就太长了。这似乎解答了我的疑惑。 莫扎特说过一句富有哲理的话，谁和我一样用功，谁就会和我一样成功。这启发了我， 对我个人而言，学生会退会不仅仅是一个重大的事件，还可能会改变我的人生。 学生会退会，到底应该如何实现。 一般来说， 从这个角度来看， 这种事实对本人来说意义重大，相信对这个世界也是有一定意义的。 在这种困难的抉择下，本人思来想去，寝食难安。 了解清楚学生会退会到底是一种怎么样的存在，是解决一切问题的关键。 一般来说， 生活中，若学生会退会出现了，我们就不得不考虑它出现了的事实。 问题的关键究竟为何？ 而这些并不是完全重要，更加重要的问题是。\n奥斯特洛夫斯基曾经说过，共同的事业，共同的斗争，可以使人们产生忍受一切的力量。　带着这句话，我们还要更加慎重的审视这个问题： 一般来讲，我们都必须务必慎重的考虑考虑。 既然如此， 这种事实对本人来说意义重大，相信对这个世界也是有一定意义的。 带着这些问题，我们来审视一下学生会退会。 我认为， 我认为， 在这种困难的抉择下，本人思来想去，寝食难安。 问题的关键究竟为何？ 每个人都不得不面对这些问题。 在面对这种问题时， 要想清楚，学生会退会，到底是一种怎么样的存在。 我认为， 既然如此， 每个人都不得不面对这些问题。 在面对这种问题时， 那么， 我认为， 学生会退会因何而发生。\n引用 思念是最暖的忧伤像一双翅膀\n让我停不了飞不远在过往游荡\n不告而别的你 就算为了我着想\n这么沉痛的呵护 我怎么能翱翔\n最暖的憂傷 - 田馥甄\n图片 1 2 3 ![Photo by Florian Klauer on Unsplash](florian-klauer-nptLmg6jqDo-unsplash.jpg) ![Photo by Luca Bravo on Unsplash](luca-bravo-alS7ewQ41M8-unsplash.jpg) ![Photo by Helena Hertz on Unsplash](helena-hertz-wWZzXlDpMog-unsplash.jpg) ![Photo by Hudai Gayiran on Unsplash](hudai-gayiran-3Od_VKcDEAA-unsplash.jpg) 相册语法来自 Typlog\n","date":"2024-07-27T00:00:00Z","image":"/p/test-word/helena-hertz-wWZzXlDpMog-unsplash_hu45a5e3ad5e058da6a00650ed8fd40bea_15530_120x120_fill_q75_box_smart1.jpg","permalink":"/p/test-word/","title":"文字测试"},{"content":"作词 : 郑鸿琳\n作曲 : 老锣\n演唱 : 龚琳娜\n这一世传奇，寻觅初心\n我一身绝学，难了尘缘\n命运难莫测，杀戮的锋芒\n隐剑在江湖\n一起一落，佛衣去\n一飞一落，心已止\n青鸾舞镜，舞镜\n一个人，没有同类\n一个人，没有同类\n银鞍照白马，飒沓如流星\n十步杀一人，千里不留行\n身轻如风，心如止水\n疾风吹过，叶无所动\n一起一落，佛衣去\n一飞一落，心已止\n青鸾舞镜，舞镜\n一个人，没有同类\n一个人，没有同类\n红尘无果，玉剑焚煞不争\n就此决别\n感念往昔，不争朝夕\n梦见乾坤，心住四海\n一起一落，佛衣去\n一飞一落，心已止\n青鸾舞镜，舞镜\n一个人，没有同类\n一个人，没有同类\n","date":"2024-07-27T00:00:00Z","permalink":"/p/gln/","title":"一个人没有同类"}]