<?xml version="1.0" encoding="utf-8" standalone="yes"?>
<rss version="2.0" xmlns:atom="http://www.w3.org/2005/Atom">
    <channel>
        <title>Categories on Xily博客</title>
        <link>/categories/</link>
        <description>Recent content in Categories on Xily博客</description>
        <generator>Hugo -- gohugo.io</generator>
        <language>zh-cn</language>
        <copyright>Xily</copyright>
        <lastBuildDate>Mon, 29 Jul 2024 00:00:00 +0000</lastBuildDate><atom:link href="/categories/index.xml" rel="self" type="application/rss+xml" /><item>
        <title>教程</title>
        <link>/categories/%E6%95%99%E7%A8%8B/</link>
        <pubDate>Mon, 29 Jul 2024 00:00:00 +0000</pubDate>
        
        <guid>/categories/%E6%95%99%E7%A8%8B/</guid>
        <description>&lt;img src="/categories/%E6%95%99%E7%A8%8B/jiaocheng.jpg" alt="Featured image of post 教程" /&gt;</description>
        </item>
        <item>
        <title>文字</title>
        <link>/categories/%E6%96%87%E5%AD%97/</link>
        <pubDate>Mon, 29 Jul 2024 00:00:00 +0000</pubDate>
        
        <guid>/categories/%E6%96%87%E5%AD%97/</guid>
        <description>&lt;img src="/categories/%E6%96%87%E5%AD%97/hutomo-abrianto-l2jk-uxb1BY-unsplash.jpg" alt="Featured image of post 文字" /&gt;</description>
        </item>
        
    </channel>
</rss>
